Seccion	Accion	Horas	Notas
App Móvil (Arquitectura)	Setup del proyecto Flutter multiplataforma y configuración de ambientes	1.5	//// 1. Proyecto Flutter con soporte simultáneo para Web, Android e iOS desde un solo código base //// 2. URL de la API configurable por ambiente: en desarrollo apunta al POS local y en producción a pos.celfix.mx, sin tocar código //// 3. Se instalaron y configuraron las librerías base: Dio (HTTP), Riverpod (estado), go_router (navegación), almacenamiento seguro y generador de QR //// 4. Tema visual Material 3 y localización es-MX (fechas y moneda en formato mexicano)
App Móvil (Arquitectura)	Cliente HTTP con manejo global de sesión y errores	2	//// 1. Se creó el cliente que consume los 11 endpoints de la API //// 2. Inyección automática del token de sesión en cada llamada, sin repetir código en cada pantalla //// 3. Manejo global de sesión expirada: si el backend rechaza el token, la app cierra sesión y regresa al login con el aviso correspondiente //// 4. Traducción al español de todos los errores de la API (credenciales, validación, límite de intentos, servidor caído, sin internet)
App Móvil (Arquitectura)	Modelos de datos y capa de conversión	1.5	//// 1. Se crearon los 8 modelos de datos: Cliente, Sucursal, Promo, Beneficio, Compra, Detalle de compra, Reparación y Paginación //// 2. Conversión tolerante de montos: la API devuelve los totales como número entero y no como decimal; sin esta capa la app falla al abrir el historial //// 3. Las fechas se muestran en hora Mexicali sin conversión de zona horaria, tal como las entrega el POS
App Móvil (Arquitectura)	Navegación, manejo de estado y modo invitado	1.5	//// 1. Navegación con barra inferior de 4 pestañas //// 2. Modo invitado: Sucursales, Promos y Beneficios se pueden ver sin cuenta, para que la app sirva como canal de captación //// 3. Perfil, Compras y Reparaciones exigen sesión iniciada //// 4. Pantalla de arranque que valida la sesión guardada antes de entrar, para no mostrar datos de una sesión vencida
App Móvil (Autenticación)	Pantallas de inicio de sesión y registro	1.5	//// 1. Login con teléfono en cualquier formato (con lada, guiones o espacios) //// 2. La sesión se guarda en el almacenamiento seguro del dispositivo (Keystore en Android, Keychain en iOS) //// 3. Registro con acceso inmediato; si el teléfono ya está dado de alta se informa al usuario y se le manda a iniciar sesión //// 4. Mensajes diferenciados para contraseña incorrecta, datos incompletos y exceso de intentos
App Móvil (Autenticación)	Cambio de contraseña	0.5	//// 1. Pantalla conectada al endpoint de cambio de contraseña //// 2. El backend renueva la sesión al cambiarla y la app guarda la nueva automáticamente, sin que el usuario tenga que volver a entrar //// 3. Aviso a los clientes que siguen usando la contraseña inicial asignada en la migración, sugiriéndoles cambiarla
App Móvil (Pantallas)	Pestaña de Sucursales	1	//// 1. Muestra únicamente las sucursales marcadas como visibles desde el panel de administración //// 2. Horario del día de hoy resaltado, con el horario completo de la semana desplegable //// 3. Botón "Cómo llegar" que abre Google Maps en la ubicación de la sucursal //// 4. Botón "Llamar" que marca directo al teléfono de la sucursal
App Móvil (Pantallas)	Pestañas de Promociones y Beneficios	1.5	//// 1. Selector de sucursal para ver promociones globales o las de una sucursal específica //// 2. Promociones con imagen, categoría, descripción y fecha de vigencia //// 3. Beneficios con el valor destacado, compra mínima y condiciones //// 4. Las imágenes se guardan en caché para no volver a descargarlas en cada apertura y ahorrar datos al cliente
App Móvil (Pantallas)	Pantalla de Perfil y QR de membresía	1.5	//// 1. Datos del socio: nombre, teléfono, correo y vigencia de la membresía //// 2. El código QR se genera dentro de la app a partir del número de membresía, por lo que NO requirió desarrollo adicional en el backend //// 3. Número de membresía visible en grande como respaldo si falla el escáner en caja //// 4. El QR se dibuja siempre sobre fondo blanco para que sea escaneable aunque el celular esté en modo oscuro //// 5. Aviso visual cuando la membresía está vencida
App Móvil (Pantallas)	Historial de compras y detalle de ticket	2	//// 1. Listado paginado que carga automáticamente al ir bajando (20 tickets por página) //// 2. Cada ticket muestra folio, fecha, sucursal, total y cantidad de artículos //// 3. Detalle completo con artículos, precios unitarios, descuentos, impuestos y formas de pago //// 4. Se distingue el cambio entregado al cliente de los pagos recibidos //// 5. Se resaltan los saldos pendientes y las devoluciones parciales de producto
App Móvil (Pantallas)	Pantalla de Reparaciones	1	//// 1. Filtro por estado: todas, en reparación y entregadas //// 2. Muestra el equipo recibido, las notas de recepción, el estado y la fecha de entrega //// 3. Resalta el saldo por pagar al momento de recoger el equipo
App Móvil (Config. Nativa)	Preparación del proyecto para compilar Android e iOS	0.5	//// 1. Se agregó el permiso de INTERNET al archivo de configuración de Android para versión publicada; Flutter solo lo incluye en modo desarrollo, sin esto la app publicada en Play Store no habría podido conectarse a la API //// 2. Se declararon los permisos que exige Android 11+ para abrir Maps y marcar teléfono //// 3. Se declaró la configuración equivalente en iOS //// 4. Nombre comercial de la app configurado en las 3 plataformas
App Móvil (QA)	Pruebas y validación contra la API real	1	//// 1. Se probaron los 11 endpoints contra el POS con datos de clientes reales //// 2. Se crearon 7 pruebas automatizadas sobre el manejo de montos, fechas y horarios //// 3. Se detectaron y corrigieron 3 diferencias entre la documentación de la API y la respuesta real del servidor //// 4. Compilación de la versión Web verificada sin errores
Documentación	README técnico del repositorio	0.5	//// 1. Comandos de ejecución y compilación por ambiente //// 2. Estructura de carpetas del proyecto //// 3. Notas de integración para el desarrollador que compile las versiones nativas de Android e iOS
